Sun May  2 21:05:00 2021,-94,230,244
Sun May  2 21:05:00 2021,129,197,137
Sun May  2 21:05:00 2021,69,285,64
Sun May  2 21:05:00 2021,69,285,64
Sun May  2 21:05:00 2021,-53,171,201
Sun May  2 21:05:00 2021,89,152,174
Sun May  2 21:05:00 2021,89,152,174
Sun May  2 21:05:00 2021,1,290,90
Sun May  2 21:05:00 2021,-86,281,147
Sun May  2 21:05:00 2021,79,84,209
Sun May  2 21:05:00 2021,79,84,209
Sun May  2 21:05:00 2021,31,221,101
Sun May  2 21:05:00 2021,-188,299,104
Sun May  2 21:05:00 2021,34,187,256
Sun May  2 21:05:00 2021,34,187,256
Sun May  2 21:05:00 2021,131,181,93
Sun May  2 21:05:00 2021,-126,305,72
Sun May  2 21:05:00 2021,-126,305,72
Sun May  2 21:05:00 2021,-53,223,286
Sun May  2 21:05:00 2021,112,216,104
Sun May  2 21:05:00 2021,-2,292,65
Sun May  2 21:05:00 2021,-2,292,65
Sun May  2 21:05:00 2021,-127,163,254
Sun May  2 21:05:00 2021,105,229,132
Sun May  2 21:05:00 2021,105,229,132
Sun May  2 21:05:00 2021,56,290,62
Sun May  2 21:05:00 2021,-109,184,223
Sun May  2 21:05:00 2021,-109,184,223
Sun May  2 21:05:00 2021,41,136,164
Sun May  2 21:05:00 2021,39,294,92
Sun May  2 21:05:00 2021,39,294,92
Sun May  2 21:05:00 2021,-68,290,129
Sun May  2 21:05:00 2021,50,74,209
Sun May  2 21:05:00 2021,40,239,113
Sun May  2 21:05:00 2021,40,239,113
Sun May  2 21:05:00 2021,-89,308,105
Sun May  2 21:05:00 2021,78,129,263
Sun May  2 21:05:00 2021,78,129,263
Sun May  2 21:05:00 2021,91,195,108
Sun May  2 21:05:00 2021,-118,269,78
Sun May  2 21:05:00 2021,-118,269,78
Sun May  2 21:05:00 2021,-41,204,269
Sun May  2 21:05:00 2021,134,136,118
Sun May  2 21:05:00 2021,-77,303,66
Sun May  2 21:05:00 2021,-77,303,66
Sun May  2 21:05:00 2021,-126,242,247
Sun May  2 21:05:00 2021,199,130,154
Sun May  2 21:05:00 2021,199,130,154
Sun May  2 21:05:00 2021,-7,187,66
Sun May  2 21:05:00 2021,-219,296,178
Sun May  2 21:05:00 2021,-219,296,178
Sun May  2 21:05:00 2021,72,202,193
Sun May  2 21:05:00 2021,119,228,80
Sun May  2 21:05:00 2021,-218,227,109
Sun May  2 21:05:00 2021,-218,227,109
Sun May  2 21:05:00 2021,-41,245,232
Sun May  2 21:05:00 2021,101,240,91
Sun May  2 21:05:00 2021,101,240,91
Sun May  2 21:05:00 2021,-81,224,75
Sun May  2 21:05:00 2021,-91,149,279
Sun May  2 21:05:00 2021,121,267,119
Sun May  2 21:05:00 2021,121,267,119
Sun May  2 21:05:00 2021,-8,259,64
Sun May  2 21:05:00 2021,-152,146,251
Sun May  2 21:05:00 2021,-152,146,251
Sun May  2 21:05:00 2021,93,205,141
Sun May  2 21:05:00 2021,18,398,59
Sun May  2 21:05:00 2021,18,398,59
Sun May  2 21:05:00 2021,-99,143,211
Sun May  2 21:05:00 2021,-19,114,152
Sun May  2 21:05:00 2021,-19,114,152
Sun May  2 21:05:00 2021,-46,396,71
Sun May  2 21:05:00 2021,-62,292,153
Sun May  2 21:05:00 2021,-62,292,153
Sun May  2 21:05:00 2021,74,95,199
Sun May  2 21:05:00 2021,-32,217,104
Sun May  2 21:05:00 2021,-156,392,105
Sun May  2 21:05:00 2021,-156,392,105
Sun May  2 21:05:00 2021,-49,89,233
Sun May  2 21:05:00 2021,53,142,107
Sun May  2 21:05:00 2021,53,142,107
Sun May  2 21:05:00 2021,-160,360,56
Sun May  2 21:05:00 2021,-16,205,255
Sun May  2 21:05:00 2021,153,153,114
Sun May  2 21:05:00 2021,153,153,114
Sun May  2 21:05:00 2021,-128,302,25
Sun May  2 21:05:00 2021,-152,339,232
Sun May  2 21:05:00 2021,-152,339,232
Sun May  2 21:05:00 2021,209,159,150
Sun May  2 21:05:00 2021,63,159,36
Sun May  2 21:05:00 2021,63,159,36
Sun May  2 21:05:00 2021,-198,294,208
Sun May  2 21:05:00 2021,81,264,182
Sun May  2 21:05:00 2021,117,237,66
Sun May  2 21:05:00 2021,117,237,66
Sun May  2 21:05:00 2021,-111,185,137
Sun May  2 21:05:00 2021,-51,179,213
Sun May  2 21:05:00 2021,-51,179,213
Sun May  2 21:05:00 2021,113,370,113
Sun May  2 21:05:00 2021,-57,286,106
Sun May  2 21:05:00 2021,-57,286,106
Sun May  2 21:05:00 2021,-6,52,229
Sun May  2 21:05:00 2021,11,213,107
Sun May  2 21:05:00 2021,11,213,107
Sun May  2 21:05:00 2021,-142,429,79
Sun May  2 21:05:00 2021,-22,249,223
Sun May  2 21:05:00 2021,-22,249,223
Sun May  2 21:05:00 2021,18,88,115
Sun May  2 21:05:00 2021,-88,253,53
Sun May  2 21:05:00 2021,-167,331,248
Sun May  2 21:05:00 2021,-167,331,248
Sun May  2 21:05:00 2021,90,213,154
Sun May  2 21:05:00 2021,99,185,34
Sun May  2 21:05:00 2021,99,185,34
Sun May  2 21:05:00 2021,-148,125,219
Sun May  2 21:05:00 2021,0,232,180
Sun May  2 21:05:00 2021,0,232,180
Sun May  2 21:05:00 2021,91,347,95
Sun May  2 21:05:00 2021,-32,223,159
Sun May  2 21:05:00 2021,100,47,197
Sun May  2 21:05:00 2021,-3,256,100
Sun May  2 21:05:00 2021,-3,256,100
Sun May  2 21:05:00 2021,-188,494,143
Sun May  2 21:05:00 2021,86,128,207
Sun May  2 21:05:00 2021,80,71,84
Sun May  2 21:05:00 2021,80,71,84
Sun May  2 21:05:00 2021,-105,251,69
Sun May  2 21:05:00 2021,-55,257,247
Sun May  2 21:05:00 2021,114,278,124
Sun May  2 21:05:00 2021,46,243,43
Sun May  2 21:05:00 2021,46,243,43
Sun May  2 21:05:00 2021,-35,-1,230
Sun May  2 21:05:00 2021,5,182,158
Sun May  2 21:05:00 2021,48,388,66
Sun May  2 21:05:00 2021,48,388,66
Sun May  2 21:05:00 2021,25,287,268
Sun May  2 21:05:00 2021,156,85,158
Sun May  2 21:05:00 2021,60,219,62
Sun May  2 21:05:01 2021,-239,300,215
Sun May  2 21:05:01 2021,-239,300,215
Sun May  2 21:05:01 2021,55,306,196
Sun May  2 21:05:01 2021,-15,299,87
Sun May  2 21:05:01 2021,-96,189,153
Sun May  2 21:05:01 2021,53,27,190
Sun May  2 21:05:01 2021,53,27,190
Sun May  2 21:05:01 2021,37,244,66
Sun May  2 21:05:01 2021,-72,449,156
Sun May  2 21:05:01 2021,63,164,206
Sun May  2 21:05:01 2021,63,164,206
Sun May  2 21:05:01 2021,98,120,97
Sun May  2 21:05:01 2021,-88,239,65
Sun May  2 21:05:01 2021,-80,169,213
Sun May  2 21:05:01 2021,-80,169,213
Sun May  2 21:05:01 2021,108,248,149
Sun May  2 21:05:01 2021,-93,400,69
Sun May  2 21:05:01 2021,79,108,233
Sun May  2 21:05:01 2021,137,87,139
Sun May  2 21:05:01 2021,137,87,139
Sun May  2 21:05:01 2021,37,313,64
Sun May  2 21:05:01 2021,-103,303,274
Sun May  2 21:05:01 2021,105,216,164
Sun May  2 21:05:01 2021,59,241,79
Sun May  2 21:05:01 2021,59,241,79
Sun May  2 21:05:01 2021,-155,132,210
Sun May  2 21:05:01 2021,108,131,172
Sun May  2 21:05:01 2021,-16,318,83
Sun May  2 21:05:01 2021,-16,318,83
Sun May  2 21:05:01 2021,-109,364,212
Sun May  2 21:05:01 2021,162,114,216
Sun May  2 21:05:01 2021,41,168,49
Sun May  2 21:05:01 2021,41,168,49
Sun May  2 21:05:01 2021,-128,238,140
Sun May  2 21:05:01 2021,58,264,212
Sun May  2 21:05:01 2021,112,305,104
Sun May  2 21:05:01 2021,112,305,104
Sun May  2 21:05:01 2021,-77,349,114
Sun May  2 21:05:01 2021,52,95,224
Sun May  2 21:05:01 2021,113,135,89
Sun May  2 21:05:01 2021,-148,339,72
Sun May  2 21:05:01 2021,-148,339,72
Sun May  2 21:05:01 2021,-51,274,285
Sun May  2 21:05:01 2021,115,230,157
Sun May  2 21:05:01 2021,9,288,57
Sun May  2 21:05:01 2021,9,288,57
Sun May  2 21:05:01 2021,23,113,247
Sun May  2 21:05:01 2021,102,157,138
Sun May  2 21:05:01 2021,-33,311,74
Sun May  2 21:05:01 2021,-35,330,249
Sun May  2 21:05:01 2021,-35,330,249
Sun May  2 21:05:01 2021,207,148,172
Sun May  2 21:05:01 2021,2,241,69
Sun May  2 21:05:01 2021,-106,136,187
Sun May  2 21:05:01 2021,88,110,174
Sun May  2 21:05:01 2021,88,110,174
Sun May  2 21:05:01 2021,-9,362,91
Sun May  2 21:05:01 2021,2,317,199
Sun May  2 21:05:01 2021,78,177,215
Sun May  2 21:05:01 2021,87,182,55
Sun May  2 21:05:01 2021,87,182,55
Sun May  2 21:05:01 2021,-151,261,146
Sun May  2 21:05:01 2021,20,213,230
Sun May  2 21:05:01 2021,131,282,91
Sun May  2 21:05:01 2021,131,282,91
Sun May  2 21:05:01 2021,-97,326,142
Sun May  2 21:05:01 2021,93,60,247
Sun May  2 21:05:01 2021,71,113,92
Sun May  2 21:05:01 2021,71,113,92
Sun May  2 21:05:01 2021,-116,309,102
Sun May  2 21:05:01 2021,-51,246,259
Sun May  2 21:05:01 2021,74,266,113
Sun May  2 21:05:01 2021,-40,315,57
Sun May  2 21:05:01 2021,-40,315,57
Sun May  2 21:05:01 2021,19,85,265
Sun May  2 21:05:01 2021,108,133,98
Sun May  2 21:05:01 2021,-61,266,57
Sun May  2 21:05:01 2021,-33,205,227
Sun May  2 21:05:01 2021,-33,205,227
Sun May  2 21:05:01 2021,66,216,131
Sun May  2 21:05:01 2021,4,329,69
Sun May  2 21:05:01 2021,19,219,209
Sun May  2 21:05:01 2021,19,219,209
Sun May  2 21:05:01 2021,70,119,149
Sun May  2 21:05:01 2021,11,208,64
Sun May  2 21:05:01 2021,-132,286,185
Sun May  2 21:05:01 2021,-132,286,185
Sun May  2 21:05:01 2021,-13,210,180
Sun May  2 21:05:01 2021,46,296,87
Sun May  2 21:05:01 2021,-129,204,188
Sun May  2 21:05:01 2021,-129,204,188
Sun May  2 21:05:01 2021,139,80,208
Sun May  2 21:05:01 2021,96,195,84
Sun May  2 21:05:01 2021,-119,306,126
Sun May  2 21:05:01 2021,-119,306,126
Sun May  2 21:05:01 2021,19,208,240
Sun May  2 21:05:01 2021,66,227,119
Sun May  2 21:05:01 2021,-104,279,101
Sun May  2 21:05:01 2021,-104,279,101
Sun May  2 21:05:01 2021,-32,166,261
Sun May  2 21:05:01 2021,104,228,105
Sun May  2 21:05:01 2021,-121,314,93
Sun May  2 21:05:01 2021,-67,209,240
Sun May  2 21:05:01 2021,-67,209,240
Sun May  2 21:05:01 2021,95,228,117
Sun May  2 21:05:01 2021,-52,255,80
Sun May  2 21:05:01 2021,-3,159,257
Sun May  2 21:05:01 2021,95,198,132
Sun May  2 21:05:01 2021,95,198,132
Sun May  2 21:05:01 2021,-63,301,73
Sun May  2 21:05:01 2021,-98,235,246
Sun May  2 21:05:01 2021,135,184,123
Sun May  2 21:05:01 2021,135,184,123
Sun May  2 21:05:01 2021,1,332,84
Sun May  2 21:05:01 2021,-56,131,222
Sun May  2 21:05:01 2021,143,126,172
Sun May  2 21:05:01 2021,-4,292,67
Sun May  2 21:05:01 2021,-4,292,67
Sun May  2 21:05:01 2021,-152,219,188
Sun May  2 21:05:01 2021,33,178,182
Sun May  2 21:05:01 2021,32,224,76
Sun May  2 21:05:01 2021,32,224,76
Sun May  2 21:05:01 2021,-84,215,145
Sun May  2 21:05:01 2021,70,94,219
Sun May  2 21:05:01 2021,118,207,102
Sun May  2 21:05:01 2021,118,207,102
Sun May  2 21:05:01 2021,-100,268,118
Sun May  2 21:05:01 2021,-37,157,232
Sun May  2 21:05:01 2021,14,221,99
Sun May  2 21:05:01 2021,14,221,99
Sun May  2 21:05:02 2021,-165,303,98
Sun May  2 21:05:02 2021,56,161,250
Sun May  2 21:05:02 2021,126,220,83
Sun May  2 21:05:02 2021,-88,300,84
Sun May  2 21:05:02 2021,-88,300,84
Sun May  2 21:05:02 2021,30,118,259
Sun May  2 21:05:02 2021,82,189,95
Sun May  2 21:05:02 2021,-145,352,81
Sun May  2 21:05:02 2021,-145,352,81
Sun May  2 21:05:02 2021,-67,210,278
Sun May  2 21:05:02 2021,124,251,94
Sun May  2 21:05:02 2021,-42,267,75
Sun May  2 21:05:02 2021,4,158,270
Sun May  2 21:05:02 2021,4,158,270
Sun May  2 21:05:02 2021,155,134,111
Sun May  2 21:05:02 2021,-45,317,67
Sun May  2 21:05:02 2021,-125,168,259
Sun May  2 21:05:02 2021,-125,168,259
Sun May  2 21:05:02 2021,100,195,118
Sun May  2 21:05:02 2021,-16,319,82
Sun May  2 21:05:02 2021,-102,330,264
Sun May  2 21:05:02 2021,-102,330,264
Sun May  2 21:05:02 2021,166,170,137
Sun May  2 21:05:02 2021,36,274,54
Sun May  2 21:05:02 2021,-116,240,223
Sun May  2 21:05:02 2021,128,102,157
Sun May  2 21:05:02 2021,128,102,157
Sun May  2 21:05:02 2021,-12,222,77
Sun May  2 21:05:02 2021,-206,256,190
Sun May  2 21:05:02 2021,18,202,205
Sun May  2 21:05:02 2021,18,202,205
Sun May  2 21:05:02 2021,-11,327,68
Sun May  2 21:05:02 2021,-120,310,136
Sun May  2 21:05:02 2021,128,130,180
Sun May  2 21:05:02 2021,96,159,75
Sun May  2 21:05:02 2021,96,159,75
Sun May  2 21:05:02 2021,-165,282,109
Sun May  2 21:05:02 2021,19,31,209
Sun May  2 21:05:02 2021,47,207,100
Sun May  2 21:05:02 2021,47,207,100
Sun May  2 21:05:02 2021,-81,365,125
Sun May  2 21:05:02 2021,-13,191,232
Sun May  2 21:05:02 2021,98,283,74
Sun May  2 21:05:02 2021,98,283,74
Sun May  2 21:05:02 2021,-42,265,81
Sun May  2 21:05:02 2021,6,103,248
Sun May  2 21:05:02 2021,77,156,99
Sun May  2 21:05:02 2021,77,156,99
Sun May  2 21:05:02 2021,-144,266,81
Sun May  2 21:05:02 2021,-124,168,288
Sun May  2 21:05:02 2021,73,289,119
Sun May  2 21:05:02 2021,-128,362,56
Sun May  2 21:05:02 2021,-128,362,56
Sun May  2 21:05:02 2021,-48,180,274
Sun May  2 21:05:02 2021,166,161,104
Sun May  2 21:05:02 2021,-32,200,46
Sun May  2 21:05:02 2021,-140,174,260
Sun May  2 21:05:02 2021,-140,174,260
Sun May  2 21:05:02 2021,-6,177,118
Sun May  2 21:05:02 2021,-65,362,68
Sun May  2 21:05:02 2021,-79,359,250
Sun May  2 21:05:02 2021,191,190,145
Sun May  2 21:05:02 2021,191,190,145
Sun May  2 21:05:02 2021,66,259,42
Sun May  2 21:05:02 2021,-58,189,225
Sun May  2 21:05:02 2021,19,4,167
Sun May  2 21:05:02 2021,19,4,167
Sun May  2 21:05:02 2021,-97,337,67
Sun May  2 21:05:02 2021,-205,342,195
Sun May  2 21:05:02 2021,156,241,180
Sun May  2 21:05:02 2021,156,241,180
Sun May  2 21:05:02 2021,137,314,63
Sun May  2 21:05:02 2021,-26,287,172
Sun May  2 21:05:02 2021,47,91,181
Sun May  2 21:05:02 2021,-40,195,74
Sun May  2 21:05:02 2021,-40,195,74
Sun May  2 21:05:02 2021,-219,313,155
Sun May  2 21:05:02 2021,-14,241,198
Sun May  2 21:05:02 2021,71,296,101
Sun May  2 21:05:02 2021,-76,337,99
Sun May  2 21:05:02 2021,45,113,209
Sun May  2 21:05:02 2021,34,115,94
Sun May  2 21:05:02 2021,34,115,94
Sun May  2 21:05:02 2021,-184,256,87
Sun May  2 21:05:02 2021,-104,204,220
Sun May  2 21:05:02 2021,189,267,115
Sun May  2 21:05:02 2021,189,267,115
Sun May  2 21:05:02 2021,-92,390,69
Sun May  2 21:05:02 2021,33,210,269
Sun May  2 21:05:02 2021,74,48,112
Sun May  2 21:05:02 2021,-101,167,41
Sun May  2 21:05:02 2021,-101,167,41
Sun May  2 21:05:02 2021,-133,145,246
Sun May  2 21:05:02 2021,77,205,117
Sun May  2 21:05:02 2021,-136,440,39
Sun May  2 21:05:02 2021,-136,440,39
Sun May  2 21:05:02 2021,-31,365,291
Sun May  2 21:05:02 2021,157,113,159
Sun May  2 21:05:02 2021,54,265,38
Sun May  2 21:05:02 2021,-75,66,203
Sun May  2 21:05:02 2021,-75,66,203
Sun May  2 21:05:02 2021,76,37,168
Sun May  2 21:05:02 2021,-60,243,61
Sun May  2 21:05:02 2021,-204,335,220
Sun May  2 21:05:02 2021,-204,335,220
Sun May  2 21:05:02 2021,11,305,184
Sun May  2 21:05:02 2021,85,354,97
Sun May  2 21:05:02 2021,-81,310,197
Sun May  2 21:05:02 2021,95,143,185
Sun May  2 21:05:02 2021,95,143,185
Sun May  2 21:05:02 2021,154,141,73
Sun May  2 21:05:02 2021,-123,211,129
Sun May  2 21:05:02 2021,-14,107,189
Sun May  2 21:05:02 2021,40,280,83
Sun May  2 21:05:02 2021,40,280,83
Sun May  2 21:05:02 2021,-169,421,135
Sun May  2 21:05:02 2021,29,263,197
Sun May  2 21:05:02 2021,65,257,111
Sun May  2 21:05:02 2021,-46,272,90
Sun May  2 21:05:02 2021,-46,272,90
Sun May  2 21:05:02 2021,59,-24,221
Sun May  2 21:05:02 2021,111,60,89
Sun May  2 21:05:02 2021,-47,321,63
Sun May  2 21:05:02 2021,-47,321,63
Sun May  2 21:05:02 2021,-66,266,250
Sun May  2 21:05:02 2021,57,300,130
Sun May  2 21:05:02 2021,-99,410,64
Sun May  2 21:05:02 2021,-99,410,64
Sun May  2 21:05:03 2021,42,231,236
Sun May  2 21:05:03 2021,209,88,116
Sun May  2 21:05:03 2021,21,242,43
Sun May  2 21:05:03 2021,21,242,43
Sun May  2 21:05:03 2021,-93,75,236
Sun May  2 21:05:03 2021,92,192,118
Sun May  2 21:05:03 2021,-103,346,65
Sun May  2 21:05:03 2021,-27,310,255
Sun May  2 21:05:03 2021,-27,310,255
Sun May  2 21:05:03 2021,118,229,166
Sun May  2 21:05:03 2021,11,271,64
Sun May  2 21:05:03 2021,-43,86,217
Sun May  2 21:05:03 2021,-43,86,217
Sun May  2 21:05:03 2021,117,61,168
Sun May  2 21:05:03 2021,-33,263,56
Sun May  2 21:05:03 2021,-100,279,213
Sun May  2 21:05:03 2021,60,262,215
Sun May  2 21:05:03 2021,60,262,215
Sun May  2 21:05:03 2021,54,344,89
Sun May  2 21:05:03 2021,-126,338,179
Sun May  2 21:05:03 2021,138,81,202
Sun May  2 21:05:03 2021,138,81,202
Sun May  2 21:05:03 2021,67,132,44
Sun May  2 21:05:03 2021,-134,177,143
Sun May  2 21:05:03 2021,47,132,203
Sun May  2 21:05:03 2021,47,132,203
Sun May  2 21:05:03 2021,93,308,97
Sun May  2 21:05:03 2021,-123,426,146
Sun May  2 21:05:03 2021,69,216,245
Sun May  2 21:05:03 2021,69,216,245
Sun May  2 21:05:03 2021,104,195,99
Sun May  2 21:05:03 2021,-47,258,108
Sun May  2 21:05:03 2021,93,76,239
Sun May  2 21:05:03 2021,154,152,94
Sun May  2 21:05:03 2021,154,152,94
Sun May  2 21:05:03 2021,-102,362,84
Sun May  2 21:05:03 2021,-62,217,268
Sun May  2 21:05:03 2021,118,316,138
Sun May  2 21:05:03 2021,118,316,138
Sun May  2 21:05:03 2021,-6,375,84
Sun May  2 21:05:03 2021,-44,168,266
Sun May  2 21:05:03 2021,176,115,135
Sun May  2 21:05:03 2021,11,198,65
Sun May  2 21:05:03 2021,11,198,65
Sun May  2 21:05:03 2021,-50,92,223
Sun May  2 21:05:03 2021,58,163,100
Sun May  2 21:05:03 2021,-79,357,46
Sun May  2 21:05:03 2021,-79,357,46
Sun May  2 21:05:03 2021,-54,263,240
Sun May  2 21:05:03 2021,131,268,146
Sun May  2 21:05:03 2021,-23,244,73
Sun May  2 21:05:03 2021,-23,244,73
Sun May  2 21:05:03 2021,23,163,217
Sun May  2 21:05:03 2021,176,103,143
Sun May  2 21:05:03 2021,35,224,58
Sun May  2 21:05:03 2021,-142,218,201
Sun May  2 21:05:03 2021,-142,218,201
Sun May  2 21:05:03 2021,1,206,164
Sun May  2 21:05:03 2021,-28,357,76
Sun May  2 21:05:03 2021,-62,314,212
Sun May  2 21:05:03 2021,-62,314,212
Sun May  2 21:05:03 2021,169,159,217
Sun May  2 21:05:03 2021,119,218,80
Sun May  2 21:05:03 2021,-67,197,171
Sun May  2 21:05:03 2021,-67,197,171
Sun May  2 21:05:03 2021,-12,112,208
Sun May  2 21:05:03 2021,65,186,80
Sun May  2 21:05:03 2021,-149,365,153
Sun May  2 21:05:03 2021,48,239,257
Sun May  2 21:05:03 2021,48,239,257
Sun May  2 21:05:03 2021,77,262,114
Sun May  2 21:05:03 2021,-84,302,114
Sun May  2 21:05:03 2021,29,112,257
Sun May  2 21:05:03 2021,29,112,257
Sun May  2 21:05:03 2021,165,118,110
Sun May  2 21:05:03 2021,-72,266,71
Sun May  2 21:05:03 2021,-53,200,258
Sun May  2 21:05:03 2021,-53,200,258
Sun May  2 21:05:03 2021,61,313,108
Sun May  2 21:05:03 2021,-39,381,76
Sun May  2 21:05:03 2021,28,148,246
Sun May  2 21:05:03 2021,28,148,246
Sun May  2 21:05:03 2021,180,130,84
Sun May  2 21:05:03 2021,-49,266,73
Sun May  2 21:05:03 2021,-103,176,237
Sun May  2 21:05:03 2021,86,183,126
Sun May  2 21:05:03 2021,86,183,126
Sun May  2 21:05:03 2021,11,371,86
Sun May  2 21:05:03 2021,-55,207,225
Sun May  2 21:05:03 2021,190,157,158
Sun May  2 21:05:03 2021,190,157,158
Sun May  2 21:05:03 2021,81,222,65
Sun May  2 21:05:03 2021,-94,221,215
Sun May  2 21:05:03 2021,87,141,201
Sun May  2 21:05:03 2021,87,141,201
Sun May  2 21:05:03 2021,-42,279,67
Sun May  2 21:05:03 2021,-115,317,173
Sun May  2 21:05:03 2021,86,169,199
Sun May  2 21:05:03 2021,86,169,199
Sun May  2 21:05:03 2021,124,216,87
Sun May  2 21:05:03 2021,-124,264,136
Sun May  2 21:05:03 2021,-18,135,220
Sun May  2 21:05:03 2021,-18,135,220
Sun May  2 21:05:03 2021,27,226,119
Sun May  2 21:05:03 2021,-147,347,107
Sun May  2 21:05:03 2021,9,132,241
Sun May  2 21:05:03 2021,9,132,241
Sun May  2 21:05:03 2021,104,184,72
Sun May  2 21:05:03 2021,-65,258,69
Sun May  2 21:05:03 2021,-20,166,263
Sun May  2 21:05:03 2021,-20,166,263
Sun May  2 21:05:03 2021,68,229,71
Sun May  2 21:05:03 2021,-138,341,72
Sun May  2 21:05:03 2021,-61,233,273
Sun May  2 21:05:03 2021,-61,233,273
Sun May  2 21:05:03 2021,153,255,93
Sun May  2 21:05:03 2021,-19,316,68
Sun May  2 21:05:03 2021,-57,134,231
Sun May  2 21:05:03 2021,115,165,91
Sun May  2 21:05:03 2021,115,165,91
Sun May  2 21:05:03 2021,-57,330,65
Sun May  2 21:05:03 2021,-87,251,275
Sun May  2 21:05:03 2021,137,178,114
Sun May  2 21:05:03 2021,137,178,114
Sun May  2 21:05:03 2021,21,269,70
Sun May  2 21:05:03 2021,-52,279,259
Sun May  2 21:05:03 2021,197,106,152
Sun May  2 21:05:03 2021,42,297,79
Sun May  2 21:05:03 2021,42,297,79
Sun May  2 21:05:03 2021,-166,247,182
Sun May  2 21:05:03 2021,-8,217,175
Sun May  2 21:05:04 2021,55,318,90
Sun May  2 21:05:04 2021,55,318,90
Sun May  2 21:05:04 2021,-81,325,151
Sun May  2 21:05:04 2021,121,76,192
Sun May  2 21:05:04 2021,91,163,81
Sun May  2 21:05:04 2021,-149,341,140
Sun May  2 21:05:04 2021,-149,341,140
Sun May  2 21:05:04 2021,11,164,222
Sun May  2 21:05:04 2021,10,242,107
Sun May  2 21:05:04 2021,-120,311,112
Sun May  2 21:05:04 2021,-120,311,112
Sun May  2 21:05:04 2021,34,180,249
Sun May  2 21:05:04 2021,158,231,95
Sun May  2 21:05:04 2021,-62,248,87
Sun May  2 21:05:04 2021,-62,248,87
Sun May  2 21:05:04 2021,10,39,232
Sun May  2 21:05:04 2021,119,163,101
Sun May  2 21:05:04 2021,-137,272,91
Sun May  2 21:05:04 2021,-137,272,91
Sun May  2 21:05:04 2021,-89,173,273
Sun May  2 21:05:04 2021,87,261,118
Sun May  2 21:05:04 2021,-43,326,72
Sun May  2 21:05:04 2021,-12,133,275
Sun May  2 21:05:04 2021,-12,133,275
Sun May  2 21:05:04 2021,151,158,109
Sun May  2 21:05:04 2021,-18,208,68
Sun May  2 21:05:04 2021,-142,180,283
Sun May  2 21:05:04 2021,-142,180,283
Sun May  2 21:05:04 2021,78,158,126
Sun May  2 21:05:04 2021,-92,356,62
Sun May  2 21:05:04 2021,-91,290,264
Sun May  2 21:05:04 2021,-91,290,264
Sun May  2 21:05:04 2021,143,228,134
Sun May  2 21:05:04 2021,37,320,52
Sun May  2 21:05:04 2021,-129,168,218
Sun May  2 21:05:04 2021,-129,168,218
Sun May  2 21:05:04 2021,68,89,137
Sun May  2 21:05:04 2021,-13,213,56
Sun May  2 21:05:04 2021,-236,232,203
Sun May  2 21:05:04 2021,-236,232,203
Sun May  2 21:05:04 2021,21,223,175
Sun May  2 21:05:04 2021,-37,287,79
Sun May  2 21:05:04 2021,-122,382,165
Sun May  2 21:05:04 2021,128,192,186
Sun May  2 21:05:04 2021,128,192,186
Sun May  2 21:05:04 2021,127,223,76
Sun May  2 21:05:04 2021,-97,218,137
Sun May  2 21:05:04 2021,-15,51,194
Sun May  2 21:05:04 2021,-15,51,194
Sun May  2 21:05:04 2021,-39,206,96
Sun May  2 21:05:04 2021,-199,353,129
Sun May  2 21:05:04 2021,-1,200,225
Sun May  2 21:05:04 2021,-1,200,225
Sun May  2 21:05:04 2021,123,291,112
Sun May  2 21:05:04 2021,-89,386,110
Sun May  2 21:05:04 2021,35,78,206
Sun May  2 21:05:04 2021,35,78,206
Sun May  2 21:05:04 2021,177,89,98
Sun May  2 21:05:04 2021,-119,199,64
Sun May  2 21:05:04 2021,-4,1,242
Sun May  2 21:05:04 2021,-7,179,111
Sun May  2 21:05:04 2021,-7,179,111
Sun May  2 21:05:04 2021,-198,443,76
Sun May  2 21:05:04 2021,-66,300,250
Sun May  2 21:05:04 2021,173,283,112
Sun May  2 21:05:04 2021,173,283,112
Sun May  2 21:05:04 2021,-28,335,57
Sun May  2 21:05:04 2021,22,147,238
Sun May  2 21:05:04 2021,106,75,106
Sun May  2 21:05:04 2021,106,75,106
Sun May  2 21:05:04 2021,-96,208,42
Sun May  2 21:05:04 2021,-152,176,248
Sun May  2 21:05:04 2021,54,230,129
Sun May  2 21:05:04 2021,-75,409,66
Sun May  2 21:05:04 2021,-75,409,66
Sun May  2 21:05:04 2021,-85,378,262
Sun May  2 21:05:04 2021,106,221,131
Sun May  2 21:05:04 2021,106,221,131
Sun May  2 21:05:04 2021,101,241,47
Sun May  2 21:05:04 2021,-57,121,242
Sun May  2 21:05:04 2021,121,0,156
Sun May  2 21:05:04 2021,-23,210,43
Sun May  2 21:05:04 2021,-23,210,43
Sun May  2 21:05:04 2021,-196,334,227
Sun May  2 21:05:04 2021,-8,329,172
Sun May  2 21:05:04 2021,128,391,87
Sun May  2 21:05:04 2021,128,391,87
Sun May  2 21:05:04 2021,-20,290,205
Sun May  2 21:05:04 2021,170,164,187
Sun May  2 21:05:04 2021,91,137,81
Sun May  2 21:05:04 2021,91,137,81
Sun May  2 21:05:04 2021,-175,177,136
Sun May  2 21:05:04 2021,-6,124,193
Sun May  2 21:05:04 2021,15,341,84
Sun May  2 21:05:04 2021,-133,447,142
Sun May  2 21:05:04 2021,-133,447,142
Sun May  2 21:05:04 2021,17,263,209
Sun May  2 21:05:04 2021,90,167,109
Sun May  2 21:05:04 2021,-54,234,96
Sun May  2 21:05:04 2021,-54,234,96
Sun May  2 21:05:04 2021,13,29,201
Sun May  2 21:05:04 2021,86,133,116
Sun May  2 21:05:04 2021,-198,374,72
Sun May  2 21:05:04 2021,-94,304,236
Sun May  2 21:05:04 2021,109,264,130
Sun May  2 21:05:04 2021,109,264,130
Sun May  2 21:05:04 2021,18,311,54
Sun May  2 21:05:04 2021,90,49,256
Sun May  2 21:05:04 2021,109,34,117
Sun May  2 21:05:04 2021,10,274,36
Sun May  2 21:05:04 2021,10,274,36
Sun May  2 21:05:04 2021,-164,229,273
Sun May  2 21:05:04 2021,59,287,177
Sun May  2 21:05:04 2021,-31,345,95
Sun May  2 21:05:04 2021,-31,345,95
Sun May  2 21:05:04 2021,-25,270,272
Sun May  2 21:05:04 2021,208,123,166
Sun May  2 21:05:04 2021,40,195,70
Sun May  2 21:05:04 2021,-92,171,239
Sun May  2 21:05:04 2021,-92,171,239
Sun May  2 21:05:04 2021,19,128,138
Sun May  2 21:05:04 2021,4,321,74
Sun May  2 21:05:04 2021,-167,376,219
Sun May  2 21:05:04 2021,-167,376,219
Sun May  2 21:05:04 2021,34,298,189
Sun May  2 21:05:04 2021,63,322,97
Sun May  2 21:05:04 2021,-75,246,183
Sun May  2 21:05:04 2021,167,-2,203
Sun May  2 21:05:04 2021,167,-2,203
Sun May  2 21:05:04 2021,100,118,53
Sun May  2 21:05:04 2021,-88,154,152
Sun May  2 21:05:05 2021,-34,111,201
Sun May  2 21:05:05 2021,51,329,95
Sun May  2 21:05:05 2021,-117,391,141
Sun May  2 21:05:05 2021,-12,290,229
Sun May  2 21:05:05 2021,-12,290,229
Sun May  2 21:05:05 2021,70,260,102
Sun May  2 21:05:05 2021,-118,377,105
Sun May  2 21:05:05 2021,128,68,231
Sun May  2 21:05:05 2021,128,68,231
Sun May  2 21:05:05 2021,88,135,76
Sun May  2 21:05:05 2021,-164,227,72
Sun May  2 21:05:05 2021,37,110,257
Sun May  2 21:05:05 2021,37,110,257
Sun May  2 21:05:05 2021,74,291,111
Sun May  2 21:05:05 2021,-73,384,83
Sun May  2 21:05:05 2021,-141,206,257
Sun May  2 21:05:05 2021,165,198,146
Sun May  2 21:05:05 2021,165,198,146
Sun May  2 21:05:05 2021,21,303,69
Sun May  2 21:05:05 2021,40,141,262
Sun May  2 21:05:05 2021,116,123,122
Sun May  2 21:05:05 2021,-82,244,65
Sun May  2 21:05:05 2021,-82,244,65
Sun May  2 21:05:05 2021,-90,142,246
Sun May  2 21:05:05 2021,161,188,127
Sun May  2 21:05:05 2021,-68,429,65
Sun May  2 21:05:05 2021,-68,429,65
Sun May  2 21:05:05 2021,-133,275,249
Sun May  2 21:05:05 2021,144,188,132
Sun May  2 21:05:05 2021,-5,217,50
Sun May  2 21:05:05 2021,11,115,220
Sun May  2 21:05:05 2021,11,115,220
Sun May  2 21:05:05 2021,116,92,131
Sun May  2 21:05:05 2021,18,313,64
Sun May  2 21:05:05 2021,-95,213,190
Sun May  2 21:05:05 2021,-95,213,190
Sun May  2 21:05:05 2021,13,159,178
Sun May  2 21:05:05 2021,-5,303,90
Sun May  2 21:05:05 2021,-29,287,193
Sun May  2 21:05:05 2021,-29,287,193
Sun May  2 21:05:05 2021,144,89,194
Sun May  2 21:05:05 2021,118,165,89
Sun May  2 21:05:05 2021,-96,260,171
Sun May  2 21:05:05 2021,27,101,222
Sun May  2 21:05:05 2021,27,101,222
Sun May  2 21:05:05 2021,26,278,85
Sun May  2 21:05:05 2021,-136,368,150
Sun May  2 21:05:05 2021,55,231,252
Sun May  2 21:05:05 2021,116,230,96
Sun May  2 21:05:05 2021,116,230,96
Sun May  2 21:05:05 2021,-67,240,119
Sun May  2 21:05:05 2021,5,63,258
Sun May  2 21:05:05 2021,178,124,113
Sun May  2 21:05:05 2021,-94,318,82
Sun May  2 21:05:05 2021,-77,187,274
Sun May  2 21:05:05 2021,82,270,126
Sun May  2 21:05:05 2021,82,270,126
Sun May  2 21:05:05 2021,-52,352,101
Sun May  2 21:05:05 2021,62,137,273
Sun May  2 21:05:05 2021,215,78,109
Sun May  2 21:05:05 2021,215,78,109
Sun May  2 21:05:05 2021,38,285,72
Sun May  2 21:05:05 2021,-24,125,266
Sun May  2 21:05:05 2021,77,142,101
Sun May  2 21:05:05 2021,77,142,101
Sun May  2 21:05:05 2021,-88,316,86
Sun May  2 21:05:05 2021,-103,195,242
Sun May  2 21:05:05 2021,162,158,138
Sun May  2 21:05:05 2021,162,158,138
Sun May  2 21:05:05 2021,67,314,84
Sun May  2 21:05:05 2021,-45,162,221
Sun May  2 21:05:05 2021,134,156,158
Sun May  2 21:05:05 2021,-8,226,71
Sun May  2 21:05:05 2021,-8,226,71
Sun May  2 21:05:05 2021,-76,231,190
Sun May  2 21:05:05 2021,34,157,183
Sun May  2 21:05:05 2021,9,353,77
Sun May  2 21:05:05 2021,9,353,77
Sun May  2 21:05:05 2021,-86,280,190
Sun May  2 21:05:05 2021,163,116,201
Sun May  2 21:05:05 2021,121,158,82
Sun May  2 21:05:05 2021,121,158,82
Sun May  2 21:05:05 2021,-108,274,141
Sun May  2 21:05:05 2021,34,121,212
Sun May  2 21:05:05 2021,63,230,98
Sun May  2 21:05:05 2021,-163,367,106
Sun May  2 21:05:05 2021,-163,367,106
Sun May  2 21:05:05 2021,8,176,239
Sun May  2 21:05:05 2021,83,217,75
Sun May  2 21:05:05 2021,-90,326,91
Sun May  2 21:05:05 2021,-90,326,91
Sun May  2 21:05:05 2021,94,90,240
Sun May  2 21:05:05 2021,66,193,93
Sun May  2 21:05:05 2021,-102,318,74
Sun May  2 21:05:05 2021,-61,215,269
Sun May  2 21:05:05 2021,-61,215,269
Sun May  2 21:05:05 2021,152,239,94
Sun May  2 21:05:05 2021,-49,272,89
Sun May  2 21:05:05 2021,11,187,296
Sun May  2 21:05:05 2021,164,175,83
Sun May  2 21:05:05 2021,164,175,83
Sun May  2 21:05:05 2021,-26,243,85
Sun May  2 21:05:05 2021,-94,141,263
Sun May  2 21:05:05 2021,124,133,93
Sun May  2 21:05:05 2021,124,133,93
Sun May  2 21:05:05 2021,-113,411,85
Sun May  2 21:05:05 2021,-127,278,254
Sun May  2 21:05:05 2021,128,145,134
Sun May  2 21:05:05 2021,128,145,134
Sun May  2 21:05:05 2021,38,265,62
Sun May  2 21:05:05 2021,-84,197,209
Sun May  2 21:05:05 2021,72,142,136
Sun May  2 21:05:05 2021,15,313,88
Sun May  2 21:05:05 2021,15,313,88
Sun May  2 21:05:05 2021,-122,325,176
Sun May  2 21:05:05 2021,83,131,182
Sun May  2 21:05:05 2021,68,243,79
Sun May  2 21:05:05 2021,68,243,79
Sun May  2 21:05:05 2021,-102,282,129
Sun May  2 21:05:05 2021,105,135,181
Sun May  2 21:05:05 2021,38,136,91
Sun May  2 21:05:05 2021,38,136,91
Sun May  2 21:05:05 2021,-116,298,110
Sun May  2 21:05:05 2021,-2,172,232
Sun May  2 21:05:05 2021,43,284,101
Sun May  2 21:05:05 2021,-59,317,102
Sun May  2 21:05:05 2021,-59,317,102
Sun May  2 21:05:05 2021,19,161,262
Sun May  2 21:05:06 2021,112,167,94
Sun May  2 21:05:06 2021,-162,262,88
Sun May  2 21:05:06 2021,-162,262,88
Sun May  2 21:05:06 2021,-43,138,275
Sun May  2 21:05:06 2021,74,242,114
Sun May  2 21:05:06 2021,-91,371,66
Sun May  2 21:05:06 2021,-91,371,66
Sun May  2 21:05:06 2021,0,197,288
Sun May  2 21:05:06 2021,159,170,94
Sun May  2 21:05:06 2021,-43,186,69
Sun May  2 21:05:06 2021,-43,186,69
Sun May  2 21:05:06 2021,-140,194,278
Sun May  2 21:05:06 2021,86,134,103
Sun May  2 21:05:06 2021,-118,396,78
Sun May  2 21:05:06 2021,-62,266,263
Sun May  2 21:05:06 2021,-62,266,263
Sun May  2 21:05:06 2021,109,207,117
Sun May  2 21:05:06 2021,75,279,58
Sun May  2 21:05:06 2021,-154,155,205
Sun May  2 21:05:06 2021,-154,155,205
Sun May  2 21:05:06 2021,8,102,154
Sun May  2 21:05:06 2021,-63,282,53
Sun May  2 21:05:06 2021,-161,354,188
Sun May  2 21:05:06 2021,155,186,190
Sun May  2 21:05:06 2021,155,186,190
Sun May  2 21:05:06 2021,121,283,70
Sun May  2 21:05:06 2021,-32,254,146
Sun May  2 21:05:06 2021,14,74,194
Sun May  2 21:05:06 2021,14,74,194
Sun May  2 21:05:06 2021,40,172,82
Sun May  2 21:05:06 2021,-189,301,132
Sun May  2 21:05:06 2021,28,210,229
Sun May  2 21:05:06 2021,28,210,229
Sun May  2 21:05:06 2021,131,282,112
Sun May  2 21:05:06 2021,-69,303,98
Sun May  2 21:05:06 2021,-9,65,221
Sun May  2 21:05:06 2021,-9,65,221
Sun May  2 21:05:06 2021,76,121,93
Sun May  2 21:05:06 2021,-126,227,83
Sun May  2 21:05:06 2021,-113,219,241
Sun May  2 21:05:06 2021,77,294,113
Sun May  2 21:05:06 2021,77,294,113
Sun May  2 21:05:06 2021,-61,384,60
Sun May  2 21:05:06 2021,-5,150,252
Sun May  2 21:05:06 2021,167,112,114
Sun May  2 21:05:06 2021,-102,144,45
Sun May  2 21:05:06 2021,-102,144,45
Sun May  2 21:05:06 2021,-162,193,262
Sun May  2 21:05:06 2021,91,259,128
Sun May  2 21:05:06 2021,-7,427,66
Sun May  2 21:05:06 2021,-7,427,66
Sun May  2 21:05:06 2021,-53,345,254
Sun May  2 21:05:06 2021,153,55,150
Sun May  2 21:05:06 2021,71,146,24
Sun May  2 21:05:06 2021,-145,96,221
Sun May  2 21:05:06 2021,-145,96,221
Sun May  2 21:05:06 2021,31,105,161
Sun May  2 21:05:06 2021,-14,304,51
Sun May  2 21:05:06 2021,-211,390,214
Sun May  2 21:05:06 2021,22,269,179
Sun May  2 21:05:06 2021,22,269,179
Sun May  2 21:05:06 2021,124,295,88
Sun May  2 21:05:06 2021,-73,152,158
Sun May  2 21:05:06 2021,96,50,183
Sun May  2 21:05:06 2021,96,50,183
Sun May  2 21:05:06 2021,-64,196,92
Sun May  2 21:05:06 2021,-239,369,139
Sun May  2 21:05:06 2021,-90,329,199
Sun May  2 21:05:06 2021,-90,329,199
Sun May  2 21:05:06 2021,145,333,111
Sun May  2 21:05:06 2021,-15,320,131
Sun May  2 21:05:06 2021,97,100,197
Sun May  2 21:05:06 2021,97,100,197
Sun May  2 21:05:06 2021,1,98,91
Sun May  2 21:05:06 2021,-92,197,84
Sun May  2 21:05:06 2021,-96,152,213
Sun May  2 21:05:06 2021,-96,152,213
Sun May  2 21:05:06 2021,42,268,110
Sun May  2 21:05:06 2021,-101,407,89
Sun May  2 21:05:06 2021,55,262,238
Sun May  2 21:05:06 2021,165,194,122
Sun May  2 21:05:06 2021,165,194,122
Sun May  2 21:05:06 2021,-45,101,228
Sun May  2 21:05:06 2021,1,93,126
Sun May  2 21:05:06 2021,1,93,126
Sun May  2 21:05:06 2021,-2,360,72
Sun May  2 21:05:06 2021,-116,378,267
Sun May  2 21:05:06 2021,109,305,142
Sun May  2 21:05:06 2021,109,305,142
Sun May  2 21:05:06 2021,-26,345,54
Sun May  2 21:05:06 2021,16,198,242
Sun May  2 21:05:06 2021,149,31,165
Sun May  2 21:05:06 2021,149,31,165
Sun May  2 21:05:06 2021,37,155,84
Sun May  2 21:05:06 2021,-210,196,228
Sun May  2 21:05:06 2021,40,250,155
Sun May  2 21:05:06 2021,40,250,155
Sun May  2 21:05:06 2021,-47,369,81
Sun May  2 21:05:06 2021,-93,386,185
Sun May  2 21:05:06 2021,191,210,214
Sun May  2 21:05:06 2021,71,255,71
Sun May  2 21:05:06 2021,71,255,71
Sun May  2 21:05:06 2021,-150,171,168
Sun May  2 21:05:06 2021,35,71,179
Sun May  2 21:05:06 2021,76,200,59
Sun May  2 21:05:06 2021,76,200,59
Sun May  2 21:05:06 2021,-178,336,134
Sun May  2 21:05:06 2021,-20,307,204
Sun May  2 21:05:06 2021,67,266,117
Sun May  2 21:05:06 2021,67,266,117
Sun May  2 21:05:06 2021,-126,406,137
Sun May  2 21:05:06 2021,92,92,205
Sun May  2 21:05:06 2021,178,156,85
Sun May  2 21:05:06 2021,178,156,85
Sun May  2 21:05:06 2021,-33,254,85
Sun May  2 21:05:06 2021,-72,66,197
Sun May  2 21:05:06 2021,73,181,103
Sun May  2 21:05:06 2021,-148,264,70
Sun May  2 21:05:06 2021,-148,264,70
Sun May  2 21:05:06 2021,6,294,242
Sun May  2 21:05:06 2021,146,267,144
Sun May  2 21:05:06 2021,-84,410,79
Sun May  2 21:05:06 2021,-84,410,79
Sun May  2 21:05:06 2021,98,155,262
Sun May  2 21:05:06 2021,178,70,137
Sun May  2 21:05:06 2021,-40,225,75
Sun May  2 21:05:06 2021,-40,225,75
Sun May  2 21:05:06 2021,-19,64,241
Sun May  2 21:05:06 2021,156,83,131
Sun May  2 21:05:06 2021,-54,301,55
Sun May  2 21:05:07 2021,-54,301,55
Sun May  2 21:05:07 2021,-87,148,242
Sun May  2 21:05:07 2021,37,244,162
Sun May  2 21:05:07 2021,12,314,78
Sun May  2 21:05:07 2021,12,314,78
Sun May  2 21:05:07 2021,-43,301,249
Sun May  2 21:05:07 2021,144,97,148
Sun May  2 21:05:07 2021,-2,219,69
Sun May  2 21:05:07 2021,-2,219,69
Sun May  2 21:05:07 2021,-92,71,196
Sun May  2 21:05:07 2021,58,106,144
Sun May  2 21:05:07 2021,14,362,83
Sun May  2 21:05:07 2021,14,362,83
Sun May  2 21:05:07 2021,-84,333,207
Sun May  2 21:05:07 2021,99,233,187
Sun May  2 21:05:07 2021,22,300,101
Sun May  2 21:05:07 2021,-1,291,196
Sun May  2 21:05:07 2021,66,155,199
Sun May  2 21:05:07 2021,121,146,64
Sun May  2 21:05:07 2021,121,146,64
Sun May  2 21:05:07 2021,150,107,208
Sun May  2 21:05:07 2021,33,294,68
Sun May  2 21:05:07 2021,33,294,68
Sun May  2 21:05:07 2021,-104,358,180
Sun May  2 21:05:07 2021,7,275,244
Sun May  2 21:05:07 2021,119,203,97
Sun May  2 21:05:07 2021,119,203,97
Sun May  2 21:05:07 2021,-45,263,108
Sun May  2 21:05:07 2021,82,1,246
Sun May  2 21:05:07 2021,111,119,78
Sun May  2 21:05:07 2021,111,119,78
Sun May  2 21:05:07 2021,-146,278,98
Sun May  2 21:05:07 2021,-53,224,269
Sun May  2 21:05:07 2021,72,210,118
Sun May  2 21:05:07 2021,-98,386,91
Sun May  2 21:05:07 2021,35,217,271
Sun May  2 21:05:07 2021,35,217,271
Sun May  2 21:05:07 2021,184,137,100
Sun May  2 21:05:07 2021,28,269,69
Sun May  2 21:05:07 2021,-32,135,239
Sun May  2 21:05:07 2021,-32,135,239
Sun May  2 21:05:07 2021,115,129,90
Sun May  2 21:05:07 2021,-113,313,63
Sun May  2 21:05:07 2021,-95,204,240
Sun May  2 21:05:07 2021,209,251,126
Sun May  2 21:05:07 2021,209,251,126
Sun May  2 21:05:07 2021,-18,349,99
Sun May  2 21:05:07 2021,10,154,235
Sun May  2 21:05:07 2021,231,77,151
Sun May  2 21:05:07 2021,46,238,74
Sun May  2 21:05:07 2021,46,238,74
Sun May  2 21:05:07 2021,-52,156,191
Sun May  2 21:05:07 2021,31,158,179
Sun May  2 21:05:07 2021,-42,307,65
Sun May  2 21:05:07 2021,-42,307,65
Sun May  2 21:05:07 2021,-107,285,183
Sun May  2 21:05:07 2021,129,160,207
Sun May  2 21:05:07 2021,70,315,76
Sun May  2 21:05:07 2021,70,315,76
Sun May  2 21:05:07 2021,-62,261,183
Sun May  2 21:05:07 2021,99,106,192
Sun May  2 21:05:07 2021,82,156,79
Sun May  2 21:05:07 2021,82,156,79
Sun May  2 21:05:07 2021,-126,236,134
Sun May  2 21:05:07 2021,-62,163,212
Sun May  2 21:05:07 2021,28,271,104
Sun May  2 21:05:07 2021,-117,344,138
Sun May  2 21:05:07 2021,-117,344,138
Sun May  2 21:05:07 2021,-10,214,240
Sun May  2 21:05:07 2021,94,234,130
Sun May  2 21:05:07 2021,-42,329,110
Sun May  2 21:05:07 2021,81,144,240
Sun May  2 21:05:07 2021,81,144,240
Sun May  2 21:05:07 2021,141,206,96
Sun May  2 21:05:07 2021,-74,254,70
Sun May  2 21:05:07 2021,-23,147,253
Sun May  2 21:05:07 2021,89,197,86
Sun May  2 21:05:07 2021,89,197,86
Sun May  2 21:05:07 2021,-132,315,95
Sun May  2 21:05:07 2021,12,205,293
Sun May  2 21:05:07 2021,155,181,98
Sun May  2 21:05:07 2021,155,181,98
Sun May  2 21:05:07 2021,5,271,84
Sun May  2 21:05:07 2021,-55,152,274
