frequency of X,Amplitude of X,frequency of Y,Amplitude of Y,frequency of Z,Amplitude of Z
1.002004008,5.097155723,1.002004008,2.796235157,1.002004008,0.468654001
2.004008016,3.971078808,2.004008016,0.873014388,2.004008016,1.87375337
3.006012024,6.736746014,3.006012024,1.393388369,3.006012024,2.542618097
4.008016032,11.20547068,4.008016032,3.911005347,4.008016032,3.292174969
5.01002004,5.943666147,5.01002004,2.378273343,5.01002004,0.07471005
6.012024048,5.321009208,6.012024048,4.018434614,6.012024048,1.689000499
7.014028056,6.331826121,7.014028056,3.056355273,7.014028056,1.97071913
8.016032064,0.714234028,8.016032064,2.013094385,8.016032064,1.604123133
9.018036072,5.980518906,9.018036072,2.102892557,9.018036072,1.333038024
10.02004008,2.783198192,10.02004008,1.852129816,10.02004008,2.007291098
11.02204409,5.034312174,11.02204409,0.750438978,11.02204409,1.128249341
12.0240481,1.931191713,12.0240481,4.902289215,12.0240481,0.604092768
13.0260521,5.835712424,13.0260521,2.427376471,13.0260521,1.64081331
14.02805611,1.087035163,14.02805611,4.532408465,14.02805611,1.082097834
15.03006012,3.851463618,15.03006012,3.494997586,15.03006012,1.840284365
16.03206413,4.918886302,16.03206413,2.86706836,16.03206413,1.276814588
17.03406814,2.54557192,17.03406814,2.014893633,17.03406814,1.237514559
18.03607214,4.565829035,18.03607214,5.457016943,18.03607214,2.655331906
19.03807615,1.295364225,19.03807615,6.388660868,19.03807615,1.310736642
20.04008016,6.38799098,20.04008016,2.564131808,20.04008016,1.504061786
21.04208417,3.972098415,21.04208417,1.269053592,21.04208417,3.302983322
22.04408818,3.490187765,22.04408818,0.575266692,22.04408818,0.491853243
23.04609218,2.519981428,23.04609218,3.701887218,23.04609218,2.360909014
24.04809619,4.402070925,24.04809619,3.330362685,24.04809619,3.301192191
25.0501002,3.156585685,25.0501002,6.899554927,25.0501002,1.58802559
26.05210421,10.21883032,26.05210421,2.224043599,26.05210421,3.143358893
27.05410822,4.30195411,27.05410822,5.827853429,27.05410822,3.724559691
28.05611222,1.6139547,28.05611222,3.125792887,28.05611222,1.910958766
29.05811623,3.113367236,29.05811623,1.677687195,29.05811623,0.427722801
30.06012024,3.807718001,30.06012024,2.212301583,30.06012024,1.338114091
31.06212425,11.72162912,31.06212425,0.439885613,31.06212425,1.517080218
32.06412826,9.677274941,32.06412826,1.941975156,32.06412826,1.898166752
33.06613226,2.146857182,33.06613226,3.219967725,33.06613226,1.66959265
34.06813627,7.348736596,34.06813627,3.15093139,34.06813627,2.164634217
35.07014028,8.935772919,35.07014028,4.468779625,35.07014028,4.225369263
36.07214429,4.502909902,36.07214429,1.036225724,36.07214429,2.046647032
37.0741483,3.75439187,37.0741483,3.999603388,37.0741483,2.375816835
38.0761523,6.071965262,38.0761523,9.314923789,38.0761523,5.242183338
39.07815631,3.583722649,39.07815631,2.928277333,39.07815631,4.335
40.08016032,4.638295881,40.08016032,2.660080126,40.08016032,5.20926866
41.08216433,2.695732588,41.08216433,3.979416332,41.08216433,2.736781485
42.08416834,4.261421986,42.08416834,2.512123136,42.08416834,1.313899605
43.08617234,8.333367708,43.08617234,1.371628891,43.08617234,6.546136775
44.08817635,4.700300579,44.08817635,5.558329873,44.08817635,1.146459733
45.09018036,2.33484448,45.09018036,8.325648895,45.09018036,5.010729087
46.09218437,5.052266375,46.09218437,3.339665961,46.09218437,1.243619423
47.09418838,0.591172805,47.09418838,5.429692926,47.09418838,6.32731156
48.09619238,6.617721919,48.09619238,2.541949664,48.09619238,4.166480575
49.09819639,10.26292797,49.09819639,4.414914779,49.09819639,3.785867713
50.1002004,5.127779998,50.1002004,4.50398404,50.1002004,4.288520752
51.10220441,4.128191598,51.10220441,2.486483195,51.10220441,2.235566821
52.10420842,2.046034017,52.10420842,3.165621044,52.10420842,2.84323493
53.10621242,5.252197869,53.10621242,1.640284332,53.10621242,2.907295354
54.10821643,5.48298719,54.10821643,2.321340928,54.10821643,0.436963178
55.11022044,3.87511114,55.11022044,2.696428999,55.11022044,2.501919737
56.11222445,3.620738221,56.11222445,1.941054522,56.11222445,4.958228834
57.11422846,5.22616487,57.11422846,0.849712492,57.11422846,1.620131874
58.11623246,3.245210825,58.11623246,1.927053531,58.11623246,0.405456904
59.11823647,6.914660954,59.11823647,3.683889905,59.11823647,4.412185734
60.12024048,3.293387605,60.12024048,1.448063461,60.12024048,0.487868025
61.12224449,4.695352807,61.12224449,0.405040194,61.12224449,3.946844592
62.1242485,4.44459259,62.1242485,3.299703335,62.1242485,2.823066268
63.12625251,5.421873444,63.12625251,3.639732686,63.12625251,1.982660782
64.12825651,8.921746462,64.12825651,2.109352732,64.12825651,1.905563337
65.13026052,3.364136217,65.13026052,3.846137265,65.13026052,2.591562038
66.13226453,3.195362307,66.13226453,2.207817893,66.13226453,1.26668628
67.13426854,1.547049581,67.13426854,2.269858074,67.13426854,2.971708574
68.13627255,0.969414979,68.13627255,3.674679918,68.13627255,1.015858737
69.13827655,3.998762532,69.13827655,1.015720921,69.13827655,2.293759621
70.14028056,0.24138983,70.14028056,2.444354195,70.14028056,1.1177373
71.14228457,4.016942234,71.14228457,2.841650904,71.14228457,1.329441619
72.14428858,3.113500266,72.14428858,2.514825546,72.14428858,3.34788837
73.14629259,6.304035747,73.14629259,3.220403722,73.14629259,1.51556773
74.14829659,4.371119777,74.14829659,0.812800509,74.14829659,1.619525997
75.1503006,5.048619048,75.1503006,2.407796132,75.1503006,2.102073281
76.15230461,1.068482243,76.15230461,2.510921315,76.15230461,2.281684601
77.15430862,2.556721125,77.15430862,4.431072291,77.15430862,1.393245657
78.15631263,2.121155217,78.15631263,2.708967143,78.15631263,0.199680908
79.15831663,5.282664114,79.15831663,5.557630645,79.15831663,0.548232962
80.16032064,0.80466447,80.16032064,4.376757168,80.16032064,1.624486211
81.16232465,0.997366513,81.16232465,4.579771995,81.16232465,1.682175723
82.16432866,5.476742871,82.16432866,2.013225046,82.16432866,1.979385467
83.16633267,4.706989193,83.16633267,4.299268468,83.16633267,0.924804925
84.16833667,4.761213428,84.16833667,2.203228833,84.16833667,2.124887318
85.17034068,4.066226488,85.17034068,1.823489973,85.17034068,0.446362752
86.17234469,1.001187969,86.17234469,3.268009356,86.17234469,2.747107729
87.1743487,2.125818138,87.1743487,1.324848196,87.1743487,0.881667076
88.17635271,4.195444463,88.17635271,4.119271921,88.17635271,1.157779934
89.17835671,3.684572814,89.17835671,1.40272467,89.17835671,1.799429143
90.18036072,3.359469493,90.18036072,1.234423907,90.18036072,2.654075261
91.18236473,1.608070384,91.18236473,4.444309109,91.18236473,0.782360262
92.18436874,3.844119649,92.18436874,3.216785575,92.18436874,1.421946995
93.18637275,2.439442293,93.18637275,2.389755016,93.18637275,1.754586554
94.18837675,1.669881973,94.18837675,3.523181189,94.18837675,1.816209589
95.19038076,3.631983205,95.19038076,2.255309406,95.19038076,1.112240742
96.19238477,3.593860019,96.19238477,2.276812227,96.19238477,1.95174066
97.19438878,3.351003587,97.19438878,1.608306518,97.19438878,1.179396509
98.19639279,6.013550232,98.19639279,3.244511174,98.19639279,1.821519639
99.19839679,2.696944657,99.19839679,7.464412875,99.19839679,1.521909548
100.2004008,2.801127852,100.2004008,4.422685225,100.2004008,2.114301418
101.2024048,0.96572673,101.2024048,1.727134411,101.2024048,2.346006023
102.2044088,4.431023334,102.2044088,1.902411101,102.2044088,2.153435074
103.2064128,3.324109099,103.2064128,6.777212717,103.2064128,1.319000546
104.2084168,2.043875311,104.2084168,3.972517006,104.2084168,0.456805916
105.2104208,4.223640696,105.2104208,2.172269145,105.2104208,2.392729548
106.2124248,5.629216313,106.2124248,7.632054178,106.2124248,1.460928682
107.2144289,4.368292149,107.2144289,6.378547101,107.2144289,0.280314128
108.2164329,1.986400807,108.2164329,4.968493519,108.2164329,2.479846632
109.2184369,1.031876907,109.2184369,9.751828472,109.2184369,3.608706069
110.2204409,3.616276193,110.2204409,7.337759059,110.2204409,2.71415036
111.2224449,2.929330856,111.2224449,6.131051778,111.2224449,2.292665241
112.2244489,1.863181636,112.2244489,6.428869638,112.2244489,0.404571889
113.2264529,0.421370089,113.2264529,1.797790518,113.2264529,3.58860394
114.2284569,3.406425925,114.2284569,5.1162187,114.2284569,1.857657569
115.2304609,1.642422906,115.2304609,7.196027072,115.2304609,2.922126641
116.2324649,3.143231094,116.2324649,3.434310948,116.2324649,0.475039849
117.2344689,3.931269755,117.2344689,6.622338827,117.2344689,0.564408427
118.2364729,3.303588294,118.2364729,8.450168486,118.2364729,2.714536428
119.238477,0.150620083,119.238477,4.336798013,119.238477,0.603379489
120.240481,1.318964004,120.240481,1.912214267,120.240481,1.224977187
121.242485,2.851092625,121.242485,5.449035619,121.242485,3.177418451
122.244489,3.227316864,122.244489,4.944276874,122.244489,2.058775148
123.246493,1.455465841,123.246493,4.263987136,123.246493,1.136968222
124.248497,8.128543581,124.248497,1.878366781,124.248497,1.991753094
125.250501,0.391756032,125.250501,6.445316753,125.250501,1.986245121
126.252505,7.224771928,126.252505,9.628456911,126.252505,0.96945871
127.254509,4.506603157,127.254509,6.185570469,127.254509,1.786976154
128.256513,5.592662202,128.256513,6.578746287,128.256513,2.750717674
129.258517,3.116487748,129.258517,7.19264364,129.258517,0.810457055
130.260521,3.173971504,130.260521,4.532814991,130.260521,4.31822738
131.2625251,7.750602293,131.2625251,4.331686607,131.2625251,0.404875792
132.2645291,5.590541479,132.2645291,7.977223168,132.2645291,0.864680524
133.2665331,2.989975007,133.2665331,10.47197159,133.2665331,1.270452004
134.2685371,7.332916737,134.2685371,8.774886019,134.2685371,1.839657894
135.2705411,3.606520293,135.2705411,8.013263083,135.2705411,1.81709176
136.2725451,5.267418948,136.2725451,1.41343072,136.2725451,2.673101036
137.2745491,3.393168774,137.2745491,10.09553787,137.2745491,0.620591379
138.2765531,6.712220787,138.2765531,8.981105926,138.2765531,2.136826188
139.2785571,5.002804908,139.2785571,7.39757501,139.2785571,3.867663192
140.2805611,5.192764585,140.2805611,7.047851642,140.2805611,1.377322036
141.2825651,1.926318595,141.2825651,9.453469172,141.2825651,3.433113937
142.2845691,6.459029467,142.2845691,7.162438966,142.2845691,5.234890367
143.2865731,7.128437783,143.2865731,9.94390131,143.2865731,4.319548702
144.2885772,1.648344174,144.2885772,4.950256972,144.2885772,1.45848648
145.2905812,6.720714137,145.2905812,4.477629752,145.2905812,0.814575887
146.2925852,6.523425526,146.2925852,6.132227456,146.2925852,3.011999727
147.2945892,6.70010753,147.2945892,9.61001852,147.2945892,1.757217225
148.2965932,2.148988953,148.2965932,8.122922368,148.2965932,2.027723093
149.2985972,6.960897806,149.2985972,5.965393355,149.2985972,1.341762838
150.3006012,5.596783843,150.3006012,7.178081531,150.3006012,1.844815163
151.3026052,5.170829861,151.3026052,1.919332684,151.3026052,2.935900385
152.3046092,5.677159291,152.3046092,0.834505842,152.3046092,2.77762846
153.3066132,2.115939997,153.3066132,7.921320119,153.3066132,2.576500756
154.3086172,2.986867975,154.3086172,4.180131435,154.3086172,0.687402559
155.3106212,6.753514132,155.3106212,2.236549792,155.3106212,1.11485461
156.3126253,2.709890621,156.3126253,5.509574637,156.3126253,1.887550505
157.3146293,7.57809521,157.3146293,3.269469962,157.3146293,3.748375566
158.3166333,5.15277457,158.3166333,6.136591554,158.3166333,4.778797347
159.3186373,6.009703431,159.3186373,6.666451775,159.3186373,7.067234301
160.3206413,4.791725741,160.3206413,4.122371201,160.3206413,2.757978133
161.3226453,10.04599675,161.3226453,6.386339276,161.3226453,8.071111302
162.3246493,12.37522875,162.3246493,7.538503489,162.3246493,6.613973832
163.3266533,14.45449499,163.3266533,6.157184748,163.3266533,13.58758962
164.3286573,8.199499102,164.3286573,9.468329732,164.3286573,12.78932923
165.3306613,19.0316724,165.3306613,13.41596081,165.3306613,12.54157343
166.3326653,14.93782747,166.3326653,11.8823211,166.3326653,13.85249242
167.3346693,13.03441387,167.3346693,9.364470993,167.3346693,17.44449984
168.3366733,12.91966334,168.3366733,7.747487657,168.3366733,14.50511977
169.3386774,14.77059341,169.3386774,9.58618581,169.3386774,9.175693209
170.3406814,13.66310122,170.3406814,7.168260582,170.3406814,8.853089211
171.3426854,7.43892014,171.3426854,6.695448263,171.3426854,6.604965211
172.3446894,5.875008978,172.3446894,1.532722843,172.3446894,4.024119579
173.3466934,4.272353271,173.3466934,4.402754353,173.3466934,4.878005871
174.3486974,11.16394592,174.3486974,8.210092542,174.3486974,9.450617461
175.3507014,3.946928002,175.3507014,3.304543273,175.3507014,1.14536206
176.3527054,14.23080642,176.3527054,7.891531854,176.3527054,9.123619078
177.3547094,10.77382636,177.3547094,3.771450685,177.3547094,7.035077725
178.3567134,14.952055,178.3567134,10.35679976,178.3567134,13.54710753
179.3587174,20.29419961,179.3587174,9.94327036,179.3587174,18.34104633
180.3607214,20.67030324,180.3607214,12.67605158,180.3607214,18.1199132
181.3627255,28.09042199,181.3627255,19.24540876,181.3627255,22.17295849
182.3647295,14.94007933,182.3647295,6.924172537,182.3647295,10.69400435
183.3667335,67.30106821,183.3667335,44.85865991,183.3667335,58.32788239
184.3687375,9.804169472,184.3687375,6.525005814,184.3687375,9.8702433
185.3707415,56.98968787,185.3707415,40.13465667,185.3707415,52.95987498
186.3727455,9.999044598,186.3727455,5.420613008,186.3727455,9.211864739
187.3747495,5.737536337,187.3747495,0.75071125,187.3747495,5.284036187
188.3767535,0.814447059,188.3767535,2.169445053,188.3767535,6.845791123
189.3787575,3.813505004,189.3787575,2.457822099,189.3787575,3.175691284
190.3807615,6.408433892,190.3807615,3.635830465,190.3807615,7.237238553
191.3827655,12.29232815,191.3827655,9.757062505,191.3827655,11.14847943
192.3847695,1.000189679,192.3847695,1.157915701,192.3847695,1.476712695
193.3867735,8.258865113,193.3867735,4.535120441,193.3867735,4.628715154
194.3887776,10.94347136,194.3887776,5.229732868,194.3887776,5.229994043
195.3907816,1.503776534,195.3907816,0.793556671,195.3907816,2.473415886
196.3927856,4.887347758,196.3927856,2.142714393,196.3927856,0.69196399
197.3947896,6.887424532,197.3947896,4.812355254,197.3947896,7.413304481
198.3967936,9.265739263,198.3967936,3.118527104,198.3967936,5.758813926
199.3987976,2.894241466,199.3987976,6.113296731,199.3987976,2.760205509
200.4008016,0.837757089,200.4008016,2.745135027,200.4008016,1.377515099
201.4028056,3.141743535,201.4028056,2.38405561,201.4028056,1.890884236
202.4048096,3.019160122,202.4048096,4.077107224,202.4048096,1.843488059
203.4068136,5.411609465,203.4068136,1.746214586,203.4068136,1.104743509
204.4088176,2.031129926,204.4088176,6.960064738,204.4088176,1.859560801
205.4108216,2.021074874,205.4108216,1.349259813,205.4108216,1.924943984
206.4128257,4.116402832,206.4128257,1.516149143,206.4128257,1.92051983
207.4148297,0.477032579,207.4148297,3.116851641,207.4148297,2.019784611
208.4168337,2.006996777,208.4168337,4.523023423,208.4168337,1.586173437
209.4188377,4.643253784,209.4188377,3.136099954,209.4188377,2.828880792
210.4208417,4.41445993,210.4208417,2.30825119,210.4208417,1.680848728
211.4228457,2.037749476,211.4228457,2.177866516,211.4228457,2.984740246
212.4248497,6.760831087,212.4248497,1.836865236,212.4248497,1.254933507
213.4268537,2.064805709,213.4268537,1.120856669,213.4268537,1.712006012
214.4288577,3.384184493,214.4288577,3.85090513,214.4288577,1.137344049
215.4308617,3.03123693,215.4308617,3.026641407,215.4308617,1.997415115
216.4328657,1.211706497,216.4328657,4.331700342,216.4328657,2.83350011
217.4348697,8.689878646,217.4348697,1.980670986,217.4348697,3.941297888
218.4368737,2.284587167,218.4368737,3.991541856,218.4368737,1.270257842
219.4388778,3.032311683,219.4388778,2.245190393,219.4388778,2.240583005
220.4408818,0.963055173,220.4408818,0.85936264,220.4408818,0.723503465
221.4428858,0.882152684,221.4428858,5.131241563,221.4428858,1.20190425
222.4448898,1.494446588,222.4448898,0.955219848,222.4448898,2.926089329
223.4468938,1.754384419,223.4468938,1.657527963,223.4468938,1.505895414
224.4488978,5.363872097,224.4488978,0.255409977,224.4488978,1.34730194
225.4509018,4.191022098,225.4509018,3.440875297,225.4509018,2.103620971
226.4529058,4.893069061,226.4529058,5.030230425,226.4529058,1.278225136
227.4549098,1.694664206,227.4549098,2.401793601,227.4549098,2.936384075
228.4569138,2.545463297,228.4569138,1.073951613,228.4569138,1.284878751
229.4589178,2.136423025,229.4589178,3.355889497,229.4589178,0.904887159
230.4609218,5.34373961,230.4609218,0.788439635,230.4609218,2.377906004
231.4629259,3.306891778,231.4629259,2.508571876,231.4629259,2.070790885
232.4649299,7.583797401,232.4649299,3.690354761,232.4649299,3.514513648
233.4669339,3.525566512,233.4669339,1.005822931,233.4669339,0.336936467
234.4689379,1.976584044,234.4689379,1.642682561,234.4689379,0.821975469
235.4709419,3.724961248,235.4709419,3.185758585,235.4709419,1.494342172
236.4729459,2.343824522,236.4729459,2.923515419,236.4729459,0.935734864
237.4749499,3.232171103,237.4749499,0.310657037,237.4749499,1.842986353
238.4769539,1.170339365,238.4769539,2.667343098,238.4769539,1.940601198
239.4789579,2.487216972,239.4789579,1.161368006,239.4789579,3.758043954
240.4809619,2.901588221,240.4809619,3.071974083,240.4809619,1.285014096
241.4829659,2.38178931,241.4829659,3.491048628,241.4829659,2.668666869
242.4849699,1.297858596,242.4849699,1.319396284,242.4849699,1.41312042
243.4869739,2.657124406,243.4869739,2.132839651,243.4869739,2.242465019
244.488978,0.524433608,244.488978,2.744190419,244.488978,2.026358646
245.490982,0.653872851,245.490982,0.725321332,245.490982,1.205469784
246.492986,4.250465451,246.492986,1.961723864,246.492986,2.467473642
247.49499,0.344792193,247.49499,1.57071869,247.49499,0.979451994
248.496994,3.037552623,248.496994,1.394439179,248.496994,1.614245388
249.498998,0.801044591,249.498998,2.43748276,249.498998,2.723517281
250.501002,3.784055496,250.501002,4.285089031,250.501002,2.217403887
251.503006,6.114682595,251.503006,1.306338237,251.503006,1.611988243
252.50501,1.245901572,252.50501,0.449292816,252.50501,2.083102647
253.507014,4.420639039,253.507014,1.571829056,253.507014,1.24574115
254.509018,2.199198586,254.509018,4.07467698,254.509018,0.788573761
255.511022,1.9956508,255.511022,3.892571188,255.511022,1.277860128
256.5130261,3.745435338,256.5130261,1.847699244,256.5130261,1.275494683
257.5150301,0.725279691,257.5150301,2.654723142,257.5150301,1.971475388
258.5170341,1.563542468,258.5170341,3.710384533,258.5170341,1.29134492
259.5190381,3.214601095,259.5190381,4.773145864,259.5190381,1.921248205
260.5210421,2.266025003,260.5210421,1.451830697,260.5210421,0.968255572
261.5230461,2.183140693,261.5230461,2.322516859,261.5230461,1.216643175
262.5250501,3.18190905,262.5250501,2.735050579,262.5250501,1.923703482
263.5270541,4.957483385,263.5270541,1.748293781,263.5270541,0.345570623
264.5290581,2.807663161,264.5290581,2.125737859,264.5290581,0.472772527
265.5310621,2.541716159,265.5310621,3.862845902,265.5310621,1.239072627
266.5330661,2.507602938,266.5330661,3.85753516,266.5330661,1.534245188
267.5350701,1.535060755,267.5350701,1.045167218,267.5350701,1.481460494
268.5370741,1.591387077,268.5370741,0.957068175,268.5370741,1.465409716
269.5390782,2.721429134,269.5390782,1.783987311,269.5390782,1.476282427
270.5410822,5.119029921,270.5410822,2.673037968,270.5410822,1.489393288
271.5430862,5.40096172,271.5430862,2.818087885,271.5430862,2.411712498
272.5450902,3.569317724,272.5450902,2.108663948,272.5450902,0.508096982
273.5470942,4.666782442,273.5470942,3.253125598,273.5470942,0.569238874
274.5490982,2.965529981,274.5490982,1.871869914,274.5490982,1.610085571
275.5511022,5.298573391,275.5511022,3.4053185,275.5511022,0.554675764
276.5531062,4.382214805,276.5531062,3.454354843,276.5531062,3.058797632
277.5551102,4.334695176,277.5551102,0.386831868,277.5551102,0.723518254
278.5571142,2.143267518,278.5571142,3.413828228,278.5571142,1.562452179
279.5591182,0.876925787,279.5591182,2.674488048,279.5591182,2.113330783
280.5611222,1.074385445,280.5611222,1.891979635,280.5611222,1.605106999
281.5631263,5.013023586,281.5631263,3.507298917,281.5631263,1.676868236
282.5651303,1.499777408,282.5651303,3.366852219,282.5651303,0.856151363
283.5671343,6.320250647,283.5671343,7.686535045,283.5671343,0.161893349
284.5691383,2.647719492,284.5691383,4.159837999,284.5691383,0.508025953
285.5711423,3.527859179,285.5711423,3.157133246,285.5711423,0.587986401
286.5731463,4.908480523,286.5731463,5.481057685,286.5731463,2.314845366
287.5751503,3.426715836,287.5751503,3.74937981,287.5751503,1.215503031
288.5771543,2.634251247,288.5771543,5.067095288,288.5771543,2.596699035
289.5791583,3.573603402,289.5791583,4.932860961,289.5791583,1.79185166
290.5811623,0.548202748,290.5811623,0.226957063,290.5811623,1.85832984
291.5831663,3.688473703,291.5831663,2.696508679,291.5831663,1.703517998
292.5851703,5.276578896,292.5851703,2.55376518,292.5851703,2.053042243
293.5871743,2.588368135,293.5871743,2.139424714,293.5871743,2.412018905
294.5891784,1.709542309,294.5891784,1.780837583,294.5891784,0.888920352
295.5911824,5.002284297,295.5911824,0.952110934,295.5911824,1.434444048
296.5931864,4.719933497,296.5931864,1.650777228,296.5931864,2.088627891
297.5951904,4.967031248,297.5951904,4.458766084,297.5951904,2.112191852
298.5971944,2.177739201,298.5971944,2.387828658,298.5971944,1.737961937
299.5991984,5.30886715,299.5991984,3.145979147,299.5991984,2.645394609
300.6012024,1.735702382,300.6012024,1.803265761,300.6012024,0.891094559
301.6032064,6.768098642,301.6032064,3.190566195,301.6032064,0.508572094
302.6052104,2.956784584,302.6052104,3.684035862,302.6052104,0.800216098
303.6072144,3.335720408,303.6072144,2.339638185,303.6072144,1.382761995
304.6092184,2.945890747,304.6092184,2.090264398,304.6092184,0.548680988
305.6112224,1.822871271,305.6112224,1.924632208,305.6112224,3.622104904
306.6132265,1.95978523,306.6132265,0.248310476,306.6132265,0.357407472
307.6152305,5.174029221,307.6152305,2.655500844,307.6152305,0.604762973
308.6172345,1.06444072,308.6172345,1.570500969,308.6172345,1.68225791
309.6192385,2.633005617,309.6192385,2.672760322,309.6192385,1.559443435
310.6212425,3.539451034,310.6212425,5.235334395,310.6212425,1.513302771
311.6232465,6.341647006,311.6232465,5.365904246,311.6232465,0.925354896
312.6252505,1.583482554,312.6252505,0.342062869,312.6252505,1.279915828
313.6272545,2.775977452,313.6272545,3.859218705,313.6272545,2.748575372
314.6292585,1.698194738,314.6292585,4.273632424,314.6292585,0.783075597
315.6312625,2.510389312,315.6312625,6.152130871,315.6312625,1.522768054
316.6332665,1.394031559,316.6332665,1.777585492,316.6332665,0.506247607
317.6352705,4.001635884,317.6352705,2.354280343,317.6352705,0.867115821
318.6372745,3.116683121,318.6372745,4.446442733,318.6372745,1.309688687
319.6392786,3.010218457,319.6392786,2.584142384,319.6392786,3.2634802
320.6412826,2.934596604,320.6412826,2.38975062,320.6412826,1.950638152
321.6432866,5.360684198,321.6432866,3.02489963,321.6432866,0.692570608
322.6452906,5.448678232,322.6452906,0.665160229,322.6452906,2.693299823
323.6472946,4.496950616,323.6472946,3.777855616,323.6472946,1.213927957
324.6492986,0.648831792,324.6492986,2.061547663,324.6492986,1.40949661
325.6513026,2.968155845,325.6513026,2.938094041,325.6513026,2.755577259
326.6533066,1.763822587,326.6533066,5.028671515,326.6533066,2.798483273
327.6553106,1.472565764,327.6553106,2.847497593,327.6553106,2.598693065
328.6573146,1.001786033,328.6573146,2.639876715,328.6573146,2.798031394
329.6593186,3.433872077,329.6593186,3.159210227,329.6593186,1.350057555
330.6613226,4.23721096,330.6613226,1.878611512,330.6613226,1.954532312
331.6633267,2.552987699,331.6633267,3.649906573,331.6633267,0.02940719
332.6653307,1.734535431,332.6653307,0.506027109,332.6653307,1.699455147
333.6673347,3.152138873,333.6673347,2.944355558,333.6673347,1.068104045
334.6693387,3.341592907,334.6693387,2.603268431,334.6693387,1.618093545
335.6713427,1.133256845,335.6713427,1.463694707,335.6713427,0.740775355
336.6733467,2.969548759,336.6733467,4.14747746,336.6733467,2.854725121
337.6753507,2.98596797,337.6753507,2.396829007,337.6753507,1.306977951
338.6773547,5.686069304,338.6773547,2.473953607,338.6773547,1.259444621
339.6793587,3.624542937,339.6793587,0.895094256,339.6793587,2.278254549
340.6813627,7.064295985,340.6813627,4.605583274,340.6813627,1.848521679
341.6833667,4.826928805,341.6833667,3.387024415,341.6833667,3.591830563
342.6853707,3.284385352,342.6853707,2.704891295,342.6853707,0.757328126
343.6873747,2.814590185,343.6873747,2.440501242,343.6873747,3.291563486
344.6893788,4.202319393,344.6893788,2.308864794,344.6893788,3.419923062
345.6913828,1.418734327,345.6913828,1.344567589,345.6913828,1.816396526
346.6933868,3.675691828,346.6933868,1.327699193,346.6933868,0.551483473
347.6953908,3.932692959,347.6953908,4.209605564,347.6953908,1.493380822
348.6973948,3.640035122,348.6973948,2.510494394,348.6973948,2.121554442
349.6993988,2.782482259,349.6993988,3.857405674,349.6993988,2.327437509
350.7014028,4.394257519,350.7014028,1.808274365,350.7014028,0.547180145
351.7034068,3.014260992,351.7034068,1.227532447,351.7034068,2.999844068
352.7054108,0.964323256,352.7054108,1.39559954,352.7054108,2.253960115
353.7074148,3.946739463,353.7074148,2.081162205,353.7074148,0.620408091
354.7094188,0.363667142,354.7094188,4.693137988,354.7094188,0.534480853
355.7114228,1.518724733,355.7114228,1.066028011,355.7114228,2.827106841
356.7134269,2.846195332,356.7134269,1.106498388,356.7134269,1.33337954
357.7154309,0.437576277,357.7154309,1.345773826,357.7154309,1.855129182
358.7174349,4.465661284,358.7174349,1.222218182,358.7174349,0.231110998
359.7194389,4.093234146,359.7194389,4.133749531,359.7194389,2.825223193
360.7214429,2.141398914,360.7214429,3.520700614,360.7214429,2.219977553
361.7234469,2.361068021,361.7234469,3.152372814,361.7234469,2.363908525
362.7254509,7.573273697,362.7254509,2.986402908,362.7254509,0.16134545
363.7274549,2.440199503,363.7274549,1.691210455,363.7274549,3.263583965
364.7294589,1.516595099,364.7294589,0.448328988,364.7294589,0.714308153
365.7314629,1.64439676,365.7314629,2.293861883,365.7314629,1.223505142
366.7334669,3.07896003,366.7334669,2.879087351,366.7334669,5.530711169
367.7354709,0.923298288,367.7354709,2.313085761,367.7354709,2.915718151
368.7374749,6.097560734,368.7374749,0.742692864,368.7374749,6.423638535
369.739479,2.541927594,369.739479,0.801982621,369.739479,1.050132868
370.741483,0.24993618,370.741483,3.011272303,370.741483,6.172868599
371.743487,2.982586791,371.743487,3.880967038,371.743487,2.421089106
372.745491,1.79945606,372.745491,5.566004638,372.745491,1.242648073
373.747495,3.861729867,373.747495,2.426554042,373.747495,1.711497486
374.749499,0.682771933,374.749499,0.736010799,374.749499,1.306880101
375.751503,4.318211576,375.751503,0.567841485,375.751503,3.060927689
376.753507,1.841162317,376.753507,0.879723782,376.753507,2.093303676
377.755511,5.396994119,377.755511,2.198356581,377.755511,0.948848457
378.757515,1.477216853,378.757515,0.220112754,378.757515,1.818021608
379.759519,2.173901183,379.759519,4.224015689,379.759519,0.742911648
380.761523,4.303238193,380.761523,2.370303474,380.761523,2.915941095
381.7635271,3.257496772,381.7635271,1.898027593,381.7635271,1.676033095
382.7655311,1.650623644,382.7655311,2.808367552,382.7655311,3.285529693
383.7675351,1.791258084,383.7675351,0.789613473,383.7675351,0.970115367
384.7695391,2.907237641,384.7695391,1.649741086,384.7695391,2.135664051
385.7715431,4.974074141,385.7715431,3.005761089,385.7715431,2.44723846
386.7735471,1.17085002,386.7735471,2.907246196,386.7735471,1.968467199
387.7755511,1.94330252,387.7755511,1.188772266,387.7755511,1.99111131
388.7775551,1.88067624,388.7775551,0.804511727,388.7775551,2.645577517
389.7795591,1.891637995,389.7795591,2.243275105,389.7795591,1.451213733
390.7815631,4.399976732,390.7815631,6.391375224,390.7815631,2.857999016
391.7835671,3.328211775,391.7835671,1.998196618,391.7835671,2.321475829
392.7855711,3.695939485,392.7855711,1.040627421,392.7855711,0.695425102
393.7875752,2.760920584,393.7875752,1.983439896,393.7875752,1.690132435
394.7895792,2.956657286,394.7895792,4.200329925,394.7895792,4.090631526
395.7915832,2.723721249,395.7915832,2.272079188,395.7915832,3.187063773
396.7935872,2.5384483,396.7935872,3.402986219,396.7935872,3.822446976
397.7955912,4.8807766,397.7955912,3.369739544,397.7955912,1.820669772
398.7975952,7.503346538,398.7975952,5.017033681,398.7975952,6.109391412
399.7995992,4.64632631,399.7995992,1.807236569,399.7995992,5.231884433
400.8016032,9.741883548,400.8016032,2.91572044,400.8016032,3.865219806
401.8036072,2.830869522,401.8036072,1.352578971,401.8036072,2.905683211
402.8056112,5.363987916,402.8056112,3.98849569,402.8056112,4.371077605
403.8076152,1.122345367,403.8076152,1.582230561,403.8076152,3.605304467
404.8096192,2.510919794,404.8096192,2.909626539,404.8096192,7.24189415
405.8116232,1.457857769,405.8116232,1.417395085,405.8116232,3.454447098
406.8136273,8.221396303,406.8136273,4.884948939,406.8136273,6.131009611
407.8156313,0.985950854,407.8156313,3.271438448,407.8156313,5.15673784
408.8176353,5.477622821,408.8176353,3.279142716,408.8176353,1.604351527
409.8196393,13.27602742,409.8196393,6.934329475,409.8196393,13.38099879
410.8216433,6.00166825,410.8216433,4.03168308,410.8216433,9.813325888
411.8236473,5.130823257,411.8236473,6.069415748,411.8236473,5.597546266
412.8256513,8.765119491,412.8256513,11.24371498,412.8256513,11.3516016
413.8276553,3.536157626,413.8276553,3.472244425,413.8276553,5.691155985
414.8296593,8.87875975,414.8296593,5.541318165,414.8296593,1.25550616
415.8316633,3.415999604,415.8316633,2.742560421,415.8316633,3.397592153
416.8336673,2.429555023,416.8336673,5.064277527,416.8336673,4.280993593
417.8356713,2.812157939,417.8356713,6.08475586,417.8356713,3.4937388
418.8376754,4.881692701,418.8376754,2.486057244,418.8376754,6.876605585
419.8396794,3.774833455,419.8396794,4.101443694,419.8396794,4.623088194
420.8416834,3.59623786,420.8416834,5.192715679,420.8416834,5.638047131
421.8436874,3.365471011,421.8436874,1.72969233,421.8436874,1.507425011
422.8456914,4.15034563,422.8456914,0.638144039,422.8456914,3.193619303
423.8476954,5.494091245,423.8476954,2.26282573,423.8476954,1.315671482
424.8496994,5.649231022,424.8496994,4.086851635,424.8496994,2.285335656
425.8517034,4.449105881,425.8517034,1.724573631,425.8517034,2.163267201
426.8537074,1.785035598,426.8537074,1.42717376,426.8537074,0.829833211
427.8557114,3.238840793,427.8557114,2.463994536,427.8557114,1.616973669
428.8577154,4.359202299,428.8577154,1.136192433,428.8577154,1.118338839
429.8597194,5.872810938,429.8597194,6.150273962,429.8597194,5.358405707
430.8617234,1.839912614,430.8617234,2.178373581,430.8617234,0.731001075
431.8637275,1.594598746,431.8637275,2.409658546,431.8637275,3.460082944
432.8657315,2.044980169,432.8657315,2.521353946,432.8657315,1.747096886
433.8677355,3.45011695,433.8677355,2.354957126,433.8677355,2.494236571
434.8697395,2.890937729,434.8697395,2.606076401,434.8697395,5.099139315
435.8717435,3.053672976,435.8717435,2.88315071,435.8717435,0.33228806
436.8737475,1.985366282,436.8737475,0.547883136,436.8737475,2.26206306
437.8757515,4.202534339,437.8757515,3.135068215,437.8757515,3.801987041
438.8777555,3.641884495,438.8777555,3.083875317,438.8777555,1.871977824
439.8797595,1.969398329,439.8797595,0.879314388,439.8797595,2.274918557
440.8817635,1.497442493,440.8817635,0.887952209,440.8817635,1.232042744
441.8837675,2.309074181,441.8837675,1.701075834,441.8837675,2.336365642
442.8857715,1.832652614,442.8857715,1.646167886,442.8857715,1.92265967
443.8877756,1.83998628,443.8877756,1.819210123,443.8877756,0.852698844
444.8897796,3.331376565,444.8897796,1.951405176,444.8897796,0.892849544
445.8917836,1.88683906,445.8917836,0.529466241,445.8917836,1.105423837
446.8937876,1.342474027,446.8937876,1.617344375,446.8937876,2.283621899
447.8957916,0.585334195,447.8957916,4.037634134,447.8957916,2.511643718
448.8977956,3.252357026,448.8977956,4.045137636,448.8977956,0.267440034
449.8997996,3.641063969,449.8997996,0.25893029,449.8997996,0.730393285
450.9018036,4.90457009,450.9018036,2.239466259,450.9018036,3.244577116
451.9038076,0.206718246,451.9038076,3.99421216,451.9038076,1.574055953
452.9058116,0.729830871,452.9058116,2.750841732,452.9058116,1.451483172
453.9078156,3.11922476,453.9078156,2.416683884,453.9078156,1.594836551
454.9098196,2.140965842,454.9098196,1.337429529,454.9098196,1.415599544
455.9118236,3.461937132,455.9118236,1.521398674,455.9118236,3.784013641
456.9138277,2.538925256,456.9138277,2.134479475,456.9138277,3.150112767
457.9158317,2.302105165,457.9158317,4.114485963,457.9158317,0.984003333
458.9178357,1.74856946,458.9178357,2.290161238,458.9178357,0.876470388
459.9198397,3.350121023,459.9198397,5.086608384,459.9198397,0.399493739
460.9218437,4.444540602,460.9218437,1.738198903,460.9218437,3.719206401
461.9238477,4.046291866,461.9238477,2.945047428,461.9238477,4.438761578
462.9258517,3.641949688,462.9258517,3.345830478,462.9258517,4.255131327
463.9278557,6.109644776,463.9278557,2.31378084,463.9278557,6.315117875
464.9298597,8.308508686,464.9298597,3.154183577,464.9298597,2.822623771
465.9318637,5.953357869,465.9318637,3.450272966,465.9318637,4.385312509
466.9338677,1.900343454,466.9338677,3.889806407,466.9338677,3.310486597
467.9358717,8.408567534,467.9358717,5.427258184,467.9358717,2.919515957
468.9378758,4.509860352,468.9378758,2.542906952,468.9378758,1.14680099
469.9398798,3.946165711,469.9398798,1.703577995,469.9398798,1.484123185
470.9418838,1.805287983,470.9418838,3.74993188,470.9418838,1.285139994
471.9438878,3.62424789,471.9438878,0.842448309,471.9438878,1.943873861
472.9458918,1.195542516,472.9458918,2.488159377,472.9458918,1.027311666
473.9478958,2.375947057,473.9478958,2.35386792,473.9478958,1.72899236
474.9498998,4.204147637,474.9498998,2.643424932,474.9498998,2.872012917
475.9519038,2.524002655,475.9519038,4.083500172,475.9519038,1.850076483
476.9539078,5.757875528,476.9539078,2.902525778,476.9539078,1.295599803
477.9559118,3.700432191,477.9559118,5.906598925,477.9559118,1.579597047
478.9579158,1.76132359,478.9579158,1.791184484,478.9579158,0.324513439
479.9599198,4.626443957,479.9599198,3.052237687,479.9599198,1.561544102
480.9619238,4.060875022,480.9619238,3.701690294,480.9619238,1.80761266
481.9639279,3.042657375,481.9639279,2.0735735,481.9639279,0.951365236
482.9659319,2.285436463,482.9659319,1.178977739,482.9659319,1.197708518
483.9679359,1.857366063,483.9679359,0.747218416,483.9679359,0.907893659
484.9699399,1.277851697,484.9699399,1.452467551,484.9699399,0.936270263
485.9719439,1.867712648,485.9719439,3.206408367,485.9719439,1.359536118
486.9739479,0.469271445,486.9739479,2.390522117,486.9739479,0.770852164
487.9759519,2.847921663,487.9759519,1.39176393,487.9759519,0.591062763
488.9779559,1.220737114,488.9779559,1.145325006,488.9779559,1.435103255
489.9799599,3.658743064,489.9799599,1.246757226,489.9799599,0.846773002
490.9819639,0.899876142,490.9819639,1.362728014,490.9819639,1.801865632
491.9839679,3.798457217,491.9839679,4.010915363,491.9839679,0.31590729
492.9859719,5.093252823,492.9859719,3.654181024,492.9859719,1.07869889
493.987976,3.318230001,493.987976,0.08436281,493.987976,1.396830379
494.98998,3.486518883,494.98998,1.754740141,494.98998,1.892943449
495.991984,2.4917545,495.991984,2.993452187,495.991984,2.153858176
496.993988,3.464799114,496.993988,2.426364674,496.993988,1.428888951
497.995992,2.000099449,497.995992,2.300890524,497.995992,1.317649579
498.997996,0.393713769,498.997996,2.576934468,498.997996,0.780635775
500,1.617405861,500,3.404402284,500,1.654892961
